"Product ID";"Active (0/1)";Name;Categories;"Price tax included";"Tax rules ID";"Wholesale price";"On sale (0/1)";"Discount amount";"Discount percent";"Discount from (yyyy-mm-dd)";"Discount to (yyyy-mm-dd)";"Reference #";"Supplier reference #";Supplier;Manufacturer;EAN13;UPC;Ecotax;Width;Height;Depth;Weight;"Delivery time of in-stock products";"Delivery time of out-of-stock products with allowed orders";Quantity;"Minimal quantity";"Low stock level";"Send me an email when the quantity is under this level";Visibility;"Additional shipping cost";"Unit for the unit price";"Unit price";"Short description";Description;Tags;"Meta title";"Meta keywords";"Meta description";"URL rewritten";"Text when in stock";"Text when backorder allowed";"Available for order (0 = No, 1 = Yes)";"Product available date";"Product creation date";"Show price (0 = No, 1 = Yes)";"Image URLs";"Image alt texts (x,y,z...)";"Delete existing images (0 = No, 1 = Yes)";"Feature (Name:Value:Position:Customized)";"Available online only (0 = No, 1 = Yes)";Condition;"Customizable (0 = No, 1 = Yes)";"Uploadable files (0 = No, 1 = Yes)";"Text fields (0 = No, 1 = Yes)";"Action when out of stock";"ID / Name of shop";"Advanced Stock Management";"Depends on stock";Warehouse
3377;1;"Poêle à bois CUBE 10Kw";"Chauffage à bois ,Poêle à bois moderne";688.8;9;280.000000;0;;;;;35/PA3052P009;;;"Red Pod";5600990400788;;0.000000;50.000000;125.000000;50.000000;73.000000;0;1;both;0.00;;0;"<p>Poêle à bois CUBE - RedPod</p><p>Puissance : 10Kw</p><p>Rendement : 71%</p><p>Émissions CO : 0,8%</p><p>CO2 : 10,3</p><p>Volume chauffage : 200 m3</p><p>Diamètre buse : 150 mm</p><p>Largeur : 47 cm</p><p>Hauteur : 100 cm</p><p>Profondeur : 41,5 cm</p>";"<h2>Poêle à moderne 10Kw</h2><p>Le poêle à bois Cube un modèle puissant, original et innovant.</p><h2 style=""color:#000000;font-family:Verdana, Arial, Helvetica, sans-serif;font-style:normal;letter-spacing:normal;text-indent:0px;text-transform:none;white-space:normal;word-spacing:0px;"">Avantages</h2><ul style=""color:#000000;font-family:Verdana, Arial, Helvetica, sans-serif;font-size:11px;font-style:normal;font-weight:400;letter-spacing:normal;text-indent:0px;text-transform:none;white-space:normal;word-spacing:0px;""><li>Puissance nominal 10 Kw</li><li>Rendement énergétique 71 %</li><li>Assure un volume chauffage 200 m3</li><li>Combustible - bûches à bois jusqu’à 40 cm</li><li>FLAMME VERTE</li><li>Système vitre propre</li><li>Cendrier à tiroir amovible</li><li>Fabrication européenne homologué selon les normes EN-13240</li><li>Bon rapport qualité / prix</li></ul><h2 style=""color:#000000;font-family:Verdana, Arial, Helvetica, sans-serif;font-style:normal;letter-spacing:normal;text-indent:0px;text-transform:none;white-space:normal;word-spacing:0px;"">Accessoires fourni</h2><ul style=""color:#000000;font-family:Verdana, Arial, Helvetica, sans-serif;font-size:11px;font-style:normal;font-weight:400;letter-spacing:normal;text-indent:0px;text-transform:none;white-space:normal;word-spacing:0px;""><li>Fourni avec tube d'évacuation à clé (régulateur de tirage) couleur Noir/Anthracite L. 1 mètre</li><li>Gant résistant aux haute températures</li></ul>";"poêle, bois, kw, Cube, 10";"Poêle à bois RedPod Cube 10Kw 71%";;;poele-a-bois-cube-10kw;;;1;0000-00-00;2018-12-03;1;https://www.tracheminee.com/20883/poele-a-bois-cube-10kw.jpg,https://www.tracheminee.com/20884/poele-a-bois-cube-10kw.jpg,https://www.tracheminee.com/20882/poele-a-bois-cube-10kw.jpg,https://www.tracheminee.com/20958/poele-a-bois-cube-10kw.jpg,https://www.tracheminee.com/20959/poele-a-bois-cube-10kw.jpg;"poele a bois RedPod CUBE 10kw 71%,poele a bois RedPod CUBE 10kw 71%,poele a bois RedPod CUBE 10kw 71%,poele a bois RedPod CUBE 10kw 71%,poele a bois RedPod CUBE 10kw 71%";0;"Produit:Poêle à bois:1:1,Marque:RedPod:2:1,Modèle:Poêle à bois CUBE:3:1,Détail de la structure:Corps  Acier tôle 4 mm / Grille cendre en fonte:4:1,Couleur:Noir / Anthracite:5:1,Puissance nominale:10 kw:6:1,Rendement énergétique:71 %:7:1,Émission CO:0,8 %:8:1,CO2:10,3 %:9:1,Volume chauffage:200 m3:10:1,Largeur:47 cm:11:1,Hauteur:100 cm:12:1,Profondeur:41,5 cm:13:1,Taille de la chambre de combustion:L. 40 x H. 396 x P. 32,8 cm:14:1,Sortie buse èchapement:Sortie Ø150 mm:15:1,Poids:73 kg:16:1,Accessoires fourni:Tube d'évacuation à clé Noir L. 1 m:17:1,Certification aux Normes CE:Homologation EN-13240:18:1,Garantie:2 Ans:19:1";0;new;0;0;0;2;1;0;;
3378;1;"Poêle à bois CUBE BOX 10Kw";"Accueil,Chauffage à bois ,Poêle à bois moderne";688.8;9;280.000000;0;;;;;35/PA3052P010;;;"Red Pod";5600990400795;;0.000000;50.000000;125.000000;50.000000;73.000000;-2;1;both;0.00;;0;"<p style=""color:#000000;font-family:Verdana, Arial, Helvetica, sans-serif;font-size:11px;font-style:normal;font-weight:400;letter-spacing:normal;text-indent:0px;text-transform:none;white-space:normal;word-spacing:0px;"">Poêle à bois CUBE BOX - RedPod</p><p style=""color:#000000;font-family:Verdana, Arial, Helvetica, sans-serif;font-size:11px;font-style:normal;font-weight:400;letter-spacing:normal;text-indent:0px;text-transform:none;white-space:normal;word-spacing:0px;"">Puissance : 10 Kw</p><p style=""color:#000000;font-family:Verdana, Arial, Helvetica, sans-serif;font-size:11px;font-style:normal;font-weight:400;letter-spacing:normal;text-indent:0px;text-transform:none;white-space:normal;word-spacing:0px;"">Rendement : 71 %</p><p style=""color:#000000;font-family:Verdana, Arial, Helvetica, sans-serif;font-size:11px;font-style:normal;font-weight:400;letter-spacing:normal;text-indent:0px;text-transform:none;white-space:normal;word-spacing:0px;"">Émissions CO : 0,8 %</p><p style=""color:#000000;font-family:Verdana, Arial, Helvetica, sans-serif;font-size:11px;font-style:normal;font-weight:400;letter-spacing:normal;text-indent:0px;text-transform:none;white-space:normal;word-spacing:0px;"">CO2 : 10,3 %</p><p style=""color:#000000;font-family:Verdana, Arial, Helvetica, sans-serif;font-size:11px;font-style:normal;font-weight:400;letter-spacing:normal;text-indent:0px;text-transform:none;white-space:normal;word-spacing:0px;"">Volume chauffage : 200 m3</p><p style=""color:#000000;font-family:Verdana, Arial, Helvetica, sans-serif;font-size:11px;font-style:normal;font-weight:400;letter-spacing:normal;text-indent:0px;text-transform:none;white-space:normal;word-spacing:0px;"">Combustible : Bûches 39 cm</p><p style=""color:#000000;font-family:Verdana, Arial, Helvetica, sans-serif;font-size:11px;font-style:normal;font-weight:400;letter-spacing:normal;text-indent:0px;text-transform:none;white-space:normal;word-spacing:0px;"">Fourni avec tube d'évacuation à clé (régulateur de tirage)</p><p style=""color:#000000;font-family:Verdana, Arial, Helvetica, sans-serif;font-size:11px;font-style:normal;font-weight:400;letter-spacing:normal;text-indent:0px;text-transform:none;white-space:normal;word-spacing:0px;"">Diamètre buse : 150 mm</p><p style=""color:#000000;font-family:Verdana, Arial, Helvetica, sans-serif;font-size:11px;font-style:normal;font-weight:400;letter-spacing:normal;text-indent:0px;text-transform:none;white-space:normal;word-spacing:0px;"">Dimensions: L. 47 x H. 100 x P. 41,5 cm</p><p></p>";"<h2>Poêle à moderne CUBE BOX 10Kw</h2><p>Le poêle à bois Cube box un modèle puissant, original et innovant.</p><h2 style=""color:#000000;font-family:Verdana, Arial, Helvetica, sans-serif;font-style:normal;letter-spacing:normal;text-indent:0px;text-transform:none;white-space:normal;word-spacing:0px;"">Avantages</h2><ul style=""color:#000000;font-family:Verdana, Arial, Helvetica, sans-serif;font-size:11px;font-style:normal;font-weight:400;letter-spacing:normal;text-indent:0px;text-transform:none;white-space:normal;word-spacing:0px;""><li>Puissance nominal 10 Kw</li><li>Rendement énergétique 71 %</li><li>Assure un volume chauffage 200 m3</li><li>Combustible - bûches à bois jusqu’à 40 cm</li><li>FLAMME VERTE</li><li>Système vitre propre</li><li>Cendrier à tiroir amovible</li><li>Fabrication européenne homologué selon les normes EN-13240</li><li>Bon rapport qualité / prix</li></ul><h2 style=""color:#000000;font-family:Verdana, Arial, Helvetica, sans-serif;font-style:normal;letter-spacing:normal;text-indent:0px;text-transform:none;white-space:normal;word-spacing:0px;"">Accessoires fourni</h2><ul style=""color:#000000;font-family:Verdana, Arial, Helvetica, sans-serif;font-size:11px;font-style:normal;font-weight:400;letter-spacing:normal;text-indent:0px;text-transform:none;white-space:normal;word-spacing:0px;""><li>Fourni avec tube d'évacuation à clé (régulateur de tirage) couleur Noir/Anthracite L. 1 mètre</li><li>Gant résistant aux haute températures</li></ul>";"poêle, bois, kw, Cube, 10, BOX";"RedPod Cube Box";;;poele-a-bois-cube-box-10kw;;;1;0000-00-00;2018-12-03;1;https://www.tracheminee.com/20887/poele-a-bois-cube-box-10kw.jpg,https://www.tracheminee.com/20885/poele-a-bois-cube-box-10kw.jpg,https://www.tracheminee.com/20886/poele-a-bois-cube-box-10kw.jpg,https://www.tracheminee.com/20961/poele-a-bois-cube-box-10kw.jpg,https://www.tracheminee.com/20960/poele-a-bois-cube-box-10kw.jpg;"Poêle à bois Cube Box 10Kw 71% - RedPod,Poêle à bois Cube Box 10Kw 71% - RedPod,Poêle à bois Cube Box 10Kw 71% - RedPod,Poêle à bois Cube Box 10Kw 71% - RedPod,Poêle à bois Cube Box 10Kw 71% - RedPod";0;"Produit:Poêle à bois:1:1,Marque:RedPod:2:1,Modèle: Poêle à bois Cube Box:3:1,Détail de la structure:Corps  Acier tôle 4 mm / Grille cendre en fonte:4:1,Couleur:Noir / Anthracite:5:1,Puissance nominale:10 kw:6:1,Rendement énergétique:71 %:7:1,Émission CO:0,8 %:8:1,CO2:10,3 %:9:1,Volume chauffage:200 m3:10:1,Largeur:47 cm:11:1,Hauteur:100 cm:12:1,Profondeur:41,5 cm:13:1,Taille de la chambre de combustion:L. 40 x H. 39,6 x P. 32,8 cm:14:1,Sortie buse èchapement:Sortie Ø150 mm:15:1,Poids:73 kg:16:1,Accessoires fourni:Tube d'évacuation à clé Noir L. 1 m:17:1,Certification aux Normes CE:Homologation EN-13240:18:1,Garantie:2 Ans:19:1";0;new;0;0;0;2;1;0;;
3380;1;"Poêle à bois MOON 10Kw";"Chauffage à bois ,Poêle à bois moderne";688.8;9;280.000000;0;;;;;35/PA3052P012;;;"Red Pod";5600990400818;;0.000000;50.000000;115.000000;45.000000;75.000000;0;1;both;0.00;;0;"<p style=""color:#000000;font-family:Verdana, Arial, Helvetica, sans-serif;font-size:11px;font-style:normal;font-weight:400;letter-spacing:normal;text-indent:0px;text-transform:none;white-space:normal;word-spacing:0px;"">Puissance : 10 Kw</p><p style=""color:#000000;font-family:Verdana, Arial, Helvetica, sans-serif;font-size:11px;font-style:normal;font-weight:400;letter-spacing:normal;text-indent:0px;text-transform:none;white-space:normal;word-spacing:0px;"">Rendement : 71 %</p><p style=""color:#000000;font-family:Verdana, Arial, Helvetica, sans-serif;font-size:11px;font-style:normal;font-weight:400;letter-spacing:normal;text-indent:0px;text-transform:none;white-space:normal;word-spacing:0px;"">Émissions CO : 0,8 %</p><p style=""color:#000000;font-family:Verdana, Arial, Helvetica, sans-serif;font-size:11px;font-style:normal;font-weight:400;letter-spacing:normal;text-indent:0px;text-transform:none;white-space:normal;word-spacing:0px;"">CO2 : 10,3 %</p><p style=""color:#000000;font-family:Verdana, Arial, Helvetica, sans-serif;font-size:11px;font-style:normal;font-weight:400;letter-spacing:normal;text-indent:0px;text-transform:none;white-space:normal;word-spacing:0px;"">Volume chauffage : 200 m3</p><p style=""color:#000000;font-family:Verdana, Arial, Helvetica, sans-serif;font-size:11px;font-style:normal;font-weight:400;letter-spacing:normal;text-indent:0px;text-transform:none;white-space:normal;word-spacing:0px;"">Combustible : Bûches 39 cm</p><p style=""color:#000000;font-family:Verdana, Arial, Helvetica, sans-serif;font-size:11px;font-style:normal;font-weight:400;letter-spacing:normal;text-indent:0px;text-transform:none;white-space:normal;word-spacing:0px;"">Fourni avec tube d'évacuation à clé (régulateur de tirage)</p><p style=""color:#000000;font-family:Verdana, Arial, Helvetica, sans-serif;font-size:11px;font-style:normal;font-weight:400;letter-spacing:normal;text-indent:0px;text-transform:none;white-space:normal;word-spacing:0px;"">Diamètre buse : 150 mm</p><p style=""color:#000000;font-family:Verdana, Arial, Helvetica, sans-serif;font-size:11px;font-style:normal;font-weight:400;letter-spacing:normal;text-indent:0px;text-transform:none;white-space:normal;word-spacing:0px;"">Dimensions: L. 47 x H. 100 x P. 44 cm</p>";"<h2>Poêle à moderne MOON 10Kw</h2><p>Le poêle à bois Moon un modèle puissant, original et innovant.</p><h2 style=""color:#000000;font-family:Verdana, Arial, Helvetica, sans-serif;font-style:normal;letter-spacing:normal;text-indent:0px;text-transform:none;white-space:normal;word-spacing:0px;"">Avantages</h2><ul style=""color:#000000;font-family:Verdana, Arial, Helvetica, sans-serif;font-size:11px;font-style:normal;font-weight:400;letter-spacing:normal;text-indent:0px;text-transform:none;white-space:normal;word-spacing:0px;""><li>Puissance nominal 10 Kw</li><li>Rendement énergétique 71 %</li><li>Assure un volume chauffage 200 m3</li><li>Combustible - bûches à bois jusqu’à 40 cm</li><li>FLAMME VERTE</li><li>Système vitre propre</li><li>Cendrier à tiroir amovible</li><li>Fabrication européenne homologué selon les normes EN-13240</li><li>Bon rapport qualité / prix</li></ul><h2 style=""color:#000000;font-family:Verdana, Arial, Helvetica, sans-serif;font-style:normal;letter-spacing:normal;text-indent:0px;text-transform:none;white-space:normal;word-spacing:0px;"">Accessoires fourni</h2><ul style=""color:#000000;font-family:Verdana, Arial, Helvetica, sans-serif;font-size:11px;font-style:normal;font-weight:400;letter-spacing:normal;text-indent:0px;text-transform:none;white-space:normal;word-spacing:0px;""><li>Fourni avec tube d'évacuation à clé (régulateur de tirage) couleur Noir/Anthracite L. 1 mètre</li><li>Gant résistant aux haute températures</li></ul>";"poêle, bois, kw, 10, moon";"Poêle à bois Moon 10Kw 71% - RedPod";;;poele-a-bois-moon-10kw;;;1;0000-00-00;2018-12-03;1;https://www.tracheminee.com/20893/poele-a-bois-moon-10kw.jpg,https://www.tracheminee.com/20891/poele-a-bois-moon-10kw.jpg,https://www.tracheminee.com/20892/poele-a-bois-moon-10kw.jpg,https://www.tracheminee.com/20968/poele-a-bois-moon-10kw.jpg,https://www.tracheminee.com/20962/poele-a-bois-moon-10kw.jpg;"Poêle à bois Moon 10Kw 71% - RedPod,Poêle à bois Moon 10Kw 71% - RedPod,Poêle à bois Moon 10Kw 71% - RedPod,Poêle à bois Moon 10Kw 71% - RedPod,Poêle à bois Moon 10Kw 71% - RedPod";0;"Produit:Poêle à bois:1:1,Marque:RedPod:2:1,Modèle:Poêle à bois Moon:3:1,Détail de la structure:Corps  Acier tôle 4 mm / Grille cendre en fonte:4:1,Couleur:Noir / Anthracite:5:1,Puissance nominale:10 kw:6:1,Rendement énergétique:71 %:7:1,Émission CO:0,8 %:8:1,CO2:10,3 %:9:1,Volume chauffage:200 m3:10:1,Largeur:47 cm:11:1,Hauteur:100 cm:12:1,Profondeur:44 cm:13:1,Taille de la chambre de combustion:L. 40 x H. 39,6 x P. 32,8 cm:14:1,Sortie buse èchapement:Sortie Ø150 mm:15:1,Poids:75 kg:16:1,Accessoires fourni:Tube d'évacuation à clé Noir L. 1 m:17:1,Certification aux Normes CE:Homologation EN-13240:18:1,Garantie:2 Ans:19:1";0;new;0;0;0;2;1;0;;
3391;1;"Poêle à bois double face";"Chauffage à bois ,Poêle à bois moderne";1968;9;800.000000;0;;;;;35/PA3060P001;;;"Red Pod";5600990425958;;0.000000;0.000000;0.000000;0.000000;0.000000;0;1;both;0.00;;0;"<h2>Poêle à bois double face</h2><p><span class=""tlid-translation translation"" xml:lang=""fr"" lang=""fr""><span title="""">Poêle à bois double face simple et efficace.</span> <span title="""">Matériel de haute qualité.</span></span></p>";"<h2>Poêle à bois double face</h2><p>Le poêle à bois double face un modèle puissant, original et innovant.</p><h2 style=""color:#000000;font-family:Verdana, Arial, Helvetica, sans-serif;font-style:normal;letter-spacing:normal;text-indent:0px;text-transform:none;white-space:normal;word-spacing:0px;"">Accessoires fourni</h2><ul style=""color:#000000;font-family:Verdana, Arial, Helvetica, sans-serif;font-size:11px;font-style:normal;font-weight:400;letter-spacing:normal;text-indent:0px;text-transform:none;white-space:normal;word-spacing:0px;""><li>Fourni avec tube d'évacuation à clé (régulateur de tirage) couleur Noir/Anthracite L. 1 mètre</li><li>Gant résistant aux haute températures</li></ul>";"poêle, double, bois, face";"RedPod Base";;;poele-a-bois-double-face;;;1;0000-00-00;2018-12-03;1;https://www.tracheminee.com/20926/poele-a-bois-double-face.jpg,https://www.tracheminee.com/20928/poele-a-bois-double-face.jpg,https://www.tracheminee.com/20969/poele-a-bois-double-face.jpg;"RedPod Base,RedPod Base,RedPod Base";0;"Produit:Poêle à bois:1:1,Marque:RedPod:2:1,Modèle:Poêle à bois - Base:3:1,Couleur:Noir / Anthracite:4:1,Garantie:2 Ans:5:1";0;new;0;0;0;2;1;0;;
3393;1;"Poêle à bois LOTUS 7,3 Kw";"Chauffage à bois ,Poêle à bois moderne";1599;9;650.000000;0;;;;;35/PA1054G002;;;"Red Pod";5600990449428;;0.000000;0.000000;0.000000;0.000000;0.000000;0;1;both;0.00;;0;"<p style=""color:#000000;font-family:Verdana, Arial, Helvetica, sans-serif;font-size:11px;font-style:normal;font-weight:400;letter-spacing:normal;text-indent:0px;text-transform:none;white-space:normal;word-spacing:0px;"">Poêle à bois LOTUS - RedPod</p><p style=""color:#000000;font-family:Verdana, Arial, Helvetica, sans-serif;font-size:11px;font-style:normal;font-weight:400;letter-spacing:normal;text-indent:0px;text-transform:none;white-space:normal;word-spacing:0px;"">Puissance : 7,3 Kw</p><p style=""color:#000000;font-family:Verdana, Arial, Helvetica, sans-serif;font-size:11px;font-style:normal;font-weight:400;letter-spacing:normal;text-indent:0px;text-transform:none;white-space:normal;word-spacing:0px;"">Rendement : 81 %</p><p style=""color:#000000;font-family:Verdana, Arial, Helvetica, sans-serif;font-size:11px;font-style:normal;font-weight:400;letter-spacing:normal;text-indent:0px;text-transform:none;white-space:normal;word-spacing:0px;"">Émissions CO : 0,073 %</p><p style=""color:#000000;font-family:Verdana, Arial, Helvetica, sans-serif;font-size:11px;font-style:normal;font-weight:400;letter-spacing:normal;text-indent:0px;text-transform:none;white-space:normal;word-spacing:0px;"">CO2 : 8,67 %</p><p style=""color:#000000;font-family:Verdana, Arial, Helvetica, sans-serif;font-size:11px;font-style:normal;font-weight:400;letter-spacing:normal;text-indent:0px;text-transform:none;white-space:normal;word-spacing:0px;"">Volume chauffage : 215 m3</p><p style=""color:#000000;font-family:Verdana, Arial, Helvetica, sans-serif;font-size:11px;font-style:normal;font-weight:400;letter-spacing:normal;text-indent:0px;text-transform:none;white-space:normal;word-spacing:0px;"">Combustible : Bûches 30 cm</p><p style=""color:#000000;font-family:Verdana, Arial, Helvetica, sans-serif;font-size:11px;font-style:normal;font-weight:400;letter-spacing:normal;text-indent:0px;text-transform:none;white-space:normal;word-spacing:0px;"">Fourni avec tube d'évacuation à clé (régulateur de tirage)</p><p style=""color:#000000;font-family:Verdana, Arial, Helvetica, sans-serif;font-size:11px;font-style:normal;font-weight:400;letter-spacing:normal;text-indent:0px;text-transform:none;white-space:normal;word-spacing:0px;"">Diamètre buse : 150 mm</p><p style=""color:#000000;font-family:Verdana, Arial, Helvetica, sans-serif;font-size:11px;font-style:normal;font-weight:400;letter-spacing:normal;text-indent:0px;text-transform:none;white-space:normal;word-spacing:0px;"">Dimensions: L. 50 x H. 115,3 x P. 50 cm</p>";"<p>Puissance : 7,3 Kw</p><p style=""color:#000000;font-family:Verdana, Arial, Helvetica, sans-serif;font-size:11px;font-style:normal;font-weight:400;letter-spacing:normal;text-indent:0px;text-transform:none;white-space:normal;word-spacing:0px;"">Rendement : 81 %</p><p style=""color:#000000;font-family:Verdana, Arial, Helvetica, sans-serif;font-size:11px;font-style:normal;font-weight:400;letter-spacing:normal;text-indent:0px;text-transform:none;white-space:normal;word-spacing:0px;"">Émissions CO : 0,073 %</p><p style=""color:#000000;font-family:Verdana, Arial, Helvetica, sans-serif;font-size:11px;font-style:normal;font-weight:400;letter-spacing:normal;text-indent:0px;text-transform:none;white-space:normal;word-spacing:0px;"">CO2 : 8,67 %</p><p style=""color:#000000;font-family:Verdana, Arial, Helvetica, sans-serif;font-size:11px;font-style:normal;font-weight:400;letter-spacing:normal;text-indent:0px;text-transform:none;white-space:normal;word-spacing:0px;"">Volume chauffage : 215 m3</p><p style=""color:#000000;font-family:Verdana, Arial, Helvetica, sans-serif;font-size:11px;font-style:normal;font-weight:400;letter-spacing:normal;text-indent:0px;text-transform:none;white-space:normal;word-spacing:0px;"">Combustible : Bûches 30 cm</p><p style=""color:#000000;font-family:Verdana, Arial, Helvetica, sans-serif;font-size:11px;font-style:normal;font-weight:400;letter-spacing:normal;text-indent:0px;text-transform:none;white-space:normal;word-spacing:0px;"">Fourni avec tube d'évacuation à clé (régulateur de tirage)</p><p style=""color:#000000;font-family:Verdana, Arial, Helvetica, sans-serif;font-size:11px;font-style:normal;font-weight:400;letter-spacing:normal;text-indent:0px;text-transform:none;white-space:normal;word-spacing:0px;"">Diamètre buse : 150 mm</p><p style=""color:#000000;font-family:Verdana, Arial, Helvetica, sans-serif;font-size:11px;font-style:normal;font-weight:400;letter-spacing:normal;text-indent:0px;text-transform:none;white-space:normal;word-spacing:0px;"">Dimensions: L. 50 x H. 115,3 x P. 50 cm</p>";"poêle, bois, kw, lotus, 7.3";"RedPod Lotus";;;poele-a-bois-lotus-73-kw;;;1;0000-00-00;2018-12-03;1;https://www.tracheminee.com/20929/poele-a-bois-lotus-73-kw.jpg,https://www.tracheminee.com/20950/poele-a-bois-lotus-73-kw.jpg;"RedPod Lotus,RedPod Lotus";0;"Produit:Poêle à bois:1:1,Marque:RedPod:2:1,Modèle:Poêle à bois - LOTUS:3:1,Détail de la structure:Corps  Acier tôle 4 mm / Grille cendre en fonte:4:1,Couleur:Noir / Anthracite:5:1,Puissance nominale:7,3 kw:6:1,Rendement énergétique:81 %:7:1,Émission CO:0,073 %:8:1,CO2:8,67 %:9:1,Volume chauffage:215 m3:10:1,Largeur:50 cm:11:1,Hauteur:115,3 cm:12:1,Profondeur:50 cm:13:1,Taille de la chambre de combustion:L. 41,2 x H. 48,4 x P. 32 cm:14:1,Sortie buse èchapement:Sortie arrière horizontal Ø125 mm:15:1,Poids:115 kg:16:1,Accessoires fourni:Tube d'évacuation à clé Noir L. 1 m:17:1,Certification aux Normes CE:Homologation EN-13240:18:1,Garantie:2 Ans:19:1";0;new;0;0;0;2;1;0;;
4368;1;"Poêles à bois ALBA";"Tubage - Gaine - Poêle - Inserts - Évier cuisine ,Chauffage à bois ,Poêle à bois moderne";0;9;0.000000;0;;;;;PANADERO18050;;;;8426964180503;;0.000000;0.000000;0.000000;0.000000;0.000000;0;1;both;0.00;;0;"<p><strong>Poêles à bois ALBA</strong></p><p>Puissance : 9,5 Kw</p><p>Rendement : 76,7%</p><p>Émissions CO : 0,08%</p><p>Hauteur : 110,8 cm</p><p>Largeur : 44,4 cm</p><p>Profondeur : 41,7 cm</p><p>Pois : 119 kg</p><p>Sortie de fumees : Ø 150-153mm | Verticale</p>";"<h2>Poêles à bois ALBA</h2><p>Le poêle à bois ALBA un modèle puissant, original et innovant.</p><h3>Avantages</h3><ul><li>Puissance : 9,5 Kw</li><li>Rendement : 76,7%</li><li>Émissions CO : 0,08%</li><li>Hauteur : 110,8 cm</li><li>Largeur : 44,4 cm</li><li>Profondeur : 41,7 cm</li><li>Pois : 119 kg</li><li>Sortie de fumees : Ø 150-153mm | Verticale</li><li>Corps en acier: 5 mm</li></ul>";"bois, Poêles, Alba";"Poêles à bois ALBA";;;poeles-a-bois-alba;;;1;0000-00-00;2021-11-02;1;https://www.tracheminee.com/27457/poeles-a-bois-alba.jpg,https://www.tracheminee.com/27458/poeles-a-bois-alba.jpg,https://www.tracheminee.com/27459/poeles-a-bois-alba.jpg,https://www.tracheminee.com/27579/poeles-a-bois-alba.jpg;"Poêles à bois ALBA,Poêles à bois ALBA,Poêles à bois ALBA,Poêles à bois ALBA";0;"Produit:Poêle à bois:1:1,Marque:PANADERO:2:1,Modèle:ALBA:3:1,Puissance nominale:9,5 KW:4:1,Rendement énergétique:76,7 %:5:1,Émission CO:0,08 %:6:1,Largeur:44,4 cm:7:1,Hauteur:110,8 cm:8:1,Profondeur:41,7 cm:9:1,Sortie buse èchapement:Ø 150:10:1,Poids:119 Kg:11:1,Certification:CE:12:1,Garantie:5 Ans:13:1";0;new;0;0;0;2;1;0;;
4369;0;"Poêles à bois ZINC";"Tubage - Gaine - Poêle - Inserts - Évier cuisine ,Chauffage à bois ,Poêle à bois moderne";0;9;0.000000;0;;;;;PANADERO18100;;;;8426964181005;;0.000000;0.000000;0.000000;0.000000;0.000000;0;1;both;0.00;;0;"<p><strong>Poêles à bois ZINC</strong></p><p>Puissance : 7,9 Kw</p><p>Rendement : 78,4%</p><p>Émissions CO : 0,10%</p><p>Hauteur : 100,9 cm</p><p>Largeur : 45,7 cm</p><p>Profondeur : 35,5 cm</p><p>Pois : 110 kg</p><p>Sortie de fumees : Ø 150-153mm | Verticale</p>";"<h2>Poêles à bois ZINC</h2><p>Le poêle à bois ZINC un modèle puissant, original et innovant.</p><h3>Avantages</h3><ul><li>Puissance : 7,9 Kw</li><li>Rendement : 78,4%</li><li>Émissions CO : 0,10%</li><li>Hauteur : 100,9 cm</li><li>Largeur : 45,7 cm</li><li>Profondeur : 35,5 cm</li><li>Pois : 110 kg</li><li>Sortie de fumees : Ø 150-153mm | Verticale</li><li>Corps en acier: 5 mm</li></ul>";"bois, Poêles, zinc";"Poêles à bois ZINC";;;poeles-a-bois-zinc;;;1;0000-00-00;2021-11-02;1;https://www.tracheminee.com/27463/poeles-a-bois-zinc.jpg,https://www.tracheminee.com/27464/poeles-a-bois-zinc.jpg,https://www.tracheminee.com/27465/poeles-a-bois-zinc.jpg,https://www.tracheminee.com/27590/poeles-a-bois-zinc.jpg;"Poêles à bois zinc,Poêles à bois zinc,Poêles à bois zinc,Poêles à bois zinc";0;"Produit:Poêle à bois:1:1,Marque:PANADERO:2:1,Modèle:ZINC:3:1,Puissance nominale:7,9 Kw:4:1,Rendement énergétique:78,4 %:5:1,Émission CO:0,10 %:6:1,Largeur:45,7 cm:7:1,Hauteur:100,9 cm:8:1,Profondeur:35,5 cm:9:1,Sortie buse èchapement:Ø 150:10:1,Poids:110 Kg:11:1,Certification:CE:12:1,Garantie:5 Ans:13:1";0;new;0;0;0;2;1;0;;
4370;0;"Poêles à bois SYDNEY";"Tubage - Gaine - Poêle - Inserts - Évier cuisine ,Chauffage à bois ,Poêle à bois moderne";0;9;0.000000;0;;;;;PANADERO18250;;;;8426964182507;;0.000000;0.000000;0.000000;0.000000;0.000000;0;1;both;0.00;;0;"<p><strong>Poêles à bois SYDNEY<br /></strong></p><p>Puissance : 6,3 Kw</p><p>Rendement : 76,4%</p><p>Émissions CO : 0,10%</p><p>Hauteur : 109 cm</p><p>Largeur : 48,6 cm</p><p>Profondeur : 48,6 cm</p><p>Pois : 141 kg</p><p>Sortie de fumees : Ø 150-153mm | Verticale</p>";"<h2>Poêles à bois SYDNEY</h2><p>Le poêle à bois SYDNEY un modèle puissant, original et innovant.</p><h3>Avantages</h3><ul><li>Puissance : 6,3 Kw</li><li>Rendement : 76,4%</li><li>Émissions CO : 0,10%</li><li>Hauteur : 109 cm</li><li>Largeur : 48,6 cm</li><li>Profondeur : 48,6 cm</li><li>Pois : 141 kg</li><li>Sortie de fumees : Ø 150-153mm | Verticale</li></ul>";"bois, Poêles, Sydney";"Poêles à bois SYDNEY";;;poeles-a-bois-sydney;;;1;0000-00-00;2021-11-02;1;https://www.tracheminee.com/27469/poeles-a-bois-sydney.jpg,https://www.tracheminee.com/27470/poeles-a-bois-sydney.jpg,https://www.tracheminee.com/27471/poeles-a-bois-sydney.jpg,https://www.tracheminee.com/27589/poeles-a-bois-sydney.jpg;"Poêles à bois SYDNEY,Poêles à bois SYDNEY,Poêles à bois SYDNEY,Poêles à bois SYDNEY";0;"Produit:Poêle à bois:1:1,Marque:PANADERO:2:1,Modèle:SYDNEY:3:1,Puissance nominale:6,3 Kw:4:1,Rendement énergétique:76,4 %:5:1,Émission CO:0,10 %:6:1,Largeur:48,6 cm:7:1,Hauteur:109 cm:8:1,Profondeur:48,6 cm:9:1,Sortie buse èchapement:Ø 150:10:1,Poids:141 Kg:11:1,Certification:CE:12:1,Garantie:5 Ans:13:1";0;new;0;0;0;2;1;0;;
4371;0;"Poêles à bois DELTA";"Tubage - Gaine - Poêle - Inserts - Évier cuisine ,Chauffage à bois ,Poêle à bois moderne";0;9;0.000000;0;;;;;PANADERO18355;;;;8426964183559;;0.000000;0.000000;0.000000;0.000000;0.000000;0;1;both;0.00;;0;"<p><strong>Poêles à bois DELTA<br /></strong></p><p>Puissance : 8 Kw</p><p>Rendement : 78%</p><p>Émissions CO : 0,10%</p><p>Hauteur : 100,3 cm</p><p>Largeur : 55,6 cm</p><p>Profondeur : 50 cm</p><p>Pois : 152 kg</p><p>Sortie de fumees : Ø 150-153mm | Verticale</p>";"<h2>Poêles à bois DELTA</h2><p>Le poêle à bois DELTA un modèle puissant, original et innovant.</p><h3>Avantages</h3><ul><li>Puissance : 8 Kw</li><li>Rendement : 78%</li><li>Émissions CO : 0,10%</li><li>Hauteur : 100,3 cm</li><li>Largeur : 55,6 cm</li><li>Profondeur : 50 cm</li><li>Pois : 152 kg</li><li>Sortie de fumees : Ø 150-153mm | Verticale</li></ul>";"bois, Poêles, Delta";"Poêles à bois DELTA";;;poeles-a-bois-delta;;;1;0000-00-00;2021-11-02;1;https://www.tracheminee.com/27475/poeles-a-bois-delta.jpg,https://www.tracheminee.com/27476/poeles-a-bois-delta.jpg,https://www.tracheminee.com/27477/poeles-a-bois-delta.jpg,https://www.tracheminee.com/27584/poeles-a-bois-delta.jpg;"Poêles à bois Delta,Poêles à bois Delta,Poêles à bois Delta,Poêles à bois Delta";0;"Produit:Poêle à bois:1:1,Marque:PANADERO:2:1,Modèle:DELTA:3:1,Puissance nominale:8 Kw:4:1,Rendement énergétique:78 %:5:1,Émission CO:0,10%:6:1,Largeur:55,6 cm:7:1,Hauteur:100,3 cm:8:1,Profondeur:50 cm:9:1,Sortie buse èchapement:Ø 150:10:1,Poids:152 Kg:11:1,Certification:CE:12:1,Garantie:5 Ans:13:1";0;new;0;0;0;2;1;0;;
4372;0;"Poêles à bois OSAKA";"Tubage - Gaine - Poêle - Inserts - Évier cuisine ,Chauffage à bois ,Poêle à bois moderne";0;9;0.000000;0;;;;;PANADERO18350;;;;8426964183504;;0.000000;0.000000;0.000000;0.000000;0.000000;0;1;both;0.00;;0;"<p><strong>Poêles à bois OSAKA<br /></strong></p><p>Puissance : 8 Kw</p><p>Rendement : 81%</p><p>Émissions CO : 0,10%</p><p>Hauteur : 120,5 cm</p><p>Largeur : 51,4 cm</p><p>Profondeur : 46 cm</p><p>Pois : 129 kg</p><p>Sortie de fumees : Ø 150-153mm | Verticale</p>";"<h2>Poêles à bois OSAKA</h2><p>Le poêle à bois OSAKA un modèle puissant, original et innovant.</p><h3>Avantages</h3><ul><li>Puissance : 8 Kw</li><li>Rendement : 81%</li><li>Émissions CO : 0,10%</li><li>Hauteur : 120,5 cm</li><li>Largeur : 51,4 cm</li><li>Profondeur : 46 cm</li><li>Pois : 129 kg</li><li>Sortie de fumees : Ø 150-153mm | Verticale</li></ul>";"bois, Poêles, Osaka";"Poêles à bois OSAKA";;;poeles-a-bois-osaka;;;1;0000-00-00;2021-11-02;1;https://www.tracheminee.com/27481/poeles-a-bois-osaka.jpg,https://www.tracheminee.com/27482/poeles-a-bois-osaka.jpg,https://www.tracheminee.com/27483/poeles-a-bois-osaka.jpg,https://www.tracheminee.com/27588/poeles-a-bois-osaka.jpg;"Poêles à bois Osaka,Poêles à bois Osaka,Poêles à bois Osaka,Poêles à bois Osaka";0;"Produit:Poêle à bois:1:1,Marque:PANADERO:2:1,Modèle:OSAKA:3:1,Puissance nominale:8 Kw:4:1,Rendement énergétique:81%:5:1,Émission CO:0,10 %:6:1,Largeur:51,4 cm:7:1,Hauteur:120,5 cm:8:1,Profondeur:46 cm:9:1,Sortie buse èchapement:Ø 150:10:1,Poids:129 Kg:11:1,Certification:CE:12:1,Garantie:5 Ans:13:1";0;new;0;0;0;2;1;0;;
4373;0;"Poêles à bois MAJA";"Tubage - Gaine - Poêle - Inserts - Évier cuisine ,Chauffage à bois ,Poêle à bois moderne";0;9;0.000000;0;;;;;PANADERO18405;;;;8426964184051;;0.000000;0.000000;0.000000;0.000000;0.000000;0;1;both;0.00;;0;"<p><strong>Poêles à bois MAJA<br /></strong></p><p>Puissance : 7,2 Kw</p><p>Rendement : 78,9%</p><p>Émissions CO : 0,10%</p><p>Hauteur : 85,4 cm</p><p>Largeur : 79,6 cm</p><p>Profondeur : 47 cm</p><p>Pois : 157 kg</p><p>Sortie de fumees : Ø 150-153mm | Verticale</p>";"<h2>Poêles à bois MAJA</h2><p>Le poêle à bois MAJA un modèle puissant, original et innovant.</p><h3>Avantages</h3><ul><li>Puissance : 7,2 Kw</li><li>Rendement : 78,9%</li><li>Émissions CO : 0,10%</li><li>Hauteur : 85,4 cm</li><li>Largeur : 79,6 cm</li><li>Profondeur : 47 cm</li><li>Pois : 157 kg</li><li>Sortie de fumees : Ø 150-153mm | Verticale</li></ul>";"bois, Poêles, Osaka";"Poêles à bois MAJA";;;poeles-a-bois-maja;;;1;0000-00-00;2021-11-02;1;https://www.tracheminee.com/27487/poeles-a-bois-maja.jpg,https://www.tracheminee.com/27488/poeles-a-bois-maja.jpg,https://www.tracheminee.com/27489/poeles-a-bois-maja.jpg,https://www.tracheminee.com/27587/poeles-a-bois-maja.jpg;"Poêles à bois Maja,Poêles à bois Maja,Poêles à bois Maja,Poêles à bois Maja";0;"Produit:Poêle à bois:1:1,Marque:PANADERO:2:1,Modèle:MAJA:3:1,Puissance nominale:7,2 Kw:4:1,Rendement énergétique:78,9 %:5:1,Émission CO:0,10 %:6:1,Largeur:79,6 cm:7:1,Hauteur:85,4 cm:8:1,Profondeur:47 cm:9:1,Sortie buse èchapement:Ø 150:10:1,Poids:157 Kg:11:1,Certification:CE:12:1,Garantie:5 Ans:13:1";0;new;0;0;0;2;1;0;;
4374;0;"Poêles à bois ANDES";"Tubage - Gaine - Poêle - Inserts - Évier cuisine ,Chauffage à bois ,Poêle à bois moderne";0;9;0.000000;0;;;;;PANADERO18500;;;;8426964185003;;0.000000;0.000000;0.000000;0.000000;0.000000;0;1;both;0.00;;0;"<p><strong>Poêles à bois ANDES<br /></strong></p><p>Puissance : 7,2 Kw</p><p>Rendement : 78,9%</p><p>Émissions CO : 0,10%</p><p>Hauteur : 85,4 cm</p><p>Largeur : 79,6 cm</p><p>Profondeur : 47 cm</p><p>Pois : 157 kg</p><p>Sortie de fumees : Ø 150-153mm | Verticale</p>";"<h2>Poêles à bois ANDES</h2><p>Le poêle à bois ANDES un modèle puissant, original et innovant.</p><h3>Avantages</h3><ul><li>Puissance : 7,2 Kw</li><li>Rendement : 78,9%</li><li>Émissions CO : 0,10%</li><li>Hauteur : 85,4 cm</li><li>Largeur : 79,6 cm</li><li>Profondeur : 47 cm</li><li>Pois : 157 kg</li><li>Sortie de fumees : Ø 150-153mm | Verticale</li></ul>";"bois, Poêles, Osaka";"Poêles à bois ANDES";;;poeles-a-bois-andes;;;1;0000-00-00;2021-11-02;1;https://www.tracheminee.com/27493/poeles-a-bois-andes.jpg,https://www.tracheminee.com/27494/poeles-a-bois-andes.jpg,https://www.tracheminee.com/27495/poeles-a-bois-andes.jpg,https://www.tracheminee.com/27580/poeles-a-bois-andes.jpg;"Poêles à bois ANDES,Poêles à bois ANDES,Poêles à bois ANDES,Poêles à bois ANDES";0;"Produit:Poêle à bois:1:1,Marque:PANADERO:2:1,Modèle:ANDES:3:1,Puissance nominale:7,5 Kw:4:1,Rendement énergétique:70,7 %:5:1,Émission CO:0,10 %:6:1,Largeur:46,8 cm:7:1,Hauteur:85 cm:8:1,Profondeur:40,9 cm:9:1,Sortie buse èchapement:Ø 150:10:1,Poids:118 Kg:11:1,Certification:CE:12:1,Garantie:5 Ans:13:1";0;new;0;0;0;2;1;0;;
4375;0;"Poêles à bois CONDOR";"Tubage - Gaine - Poêle - Inserts - Évier cuisine ,Chauffage à bois ,Poêle à bois moderne";0;9;0.000000;0;;;;;PANADERO18505;;;;8426964185058;;0.000000;0.000000;0.000000;0.000000;0.000000;0;1;both;0.00;;0;"<p><strong>Poêles à bois CONDOR<br /></strong></p><p>Puissance : 8 Kw</p><p>Rendement : 77%</p><p>Émissions CO : 0,10%</p><p>Hauteur : 85 cm</p><p>Largeur : 46,8 cm</p><p>Profondeur : 40,9 cm</p><p>Pois : 118 kg</p><p>Sortie de fumees : Ø 150-153mm | Verticale</p>";"<h2>Poêles à bois CONDOR</h2><p>Le poêle à bois CONDOR un modèle puissant, original et innovant.</p><h3>Avantages</h3><ul><li>Puissance : 8 Kw</li><li>Rendement : 77%</li><li>Émissions CO : 0,10%</li><li>Hauteur : 85 cm</li><li>Largeur : 46,8 cm</li><li>Profondeur : 40,9 cm</li><li>Pois : 118 kg</li><li>Sortie de fumees : Ø 150-153mm | Verticale</li></ul>";"bois, Poêles, Osaka";;;;poeles-a-bois-condor;;;1;0000-00-00;2021-11-02;1;https://www.tracheminee.com/27499/poeles-a-bois-condor.jpg,https://www.tracheminee.com/27500/poeles-a-bois-condor.jpg,https://www.tracheminee.com/27501/poeles-a-bois-condor.jpg;"Poêles à bois CONDOR,Poêles à bois CONDOR,Poêles à bois CONDOR";0;"Produit:Poêle à bois:1:1,Marque:PANADERO:2:1,Modèle:CONDOR:3:1,Puissance nominale:8 Kw:4:1,Rendement énergétique:77 %:5:1,Émission CO:0,10 %:6:1,Largeur:46,8 cm:7:1,Hauteur:85 cm:8:1,Profondeur:40,9:9:1,Sortie buse èchapement:Ø 150:10:1,Poids:118 Kg:11:1,Certification:CE:12:1,Garantie:5 Ans:13:1";0;new;0;0;0;2;1;0;;
4376;0;"Poêles à bois BERGEN";"Tubage - Gaine - Poêle - Inserts - Évier cuisine ,Chauffage à bois ,Poêle à bois moderne";0;9;0.000000;0;;;;;PANADERO11243;;;;8426964112436;;0.000000;0.000000;0.000000;0.000000;0.000000;0;1;both;0.00;;0;"<p><strong>Poêles à bois BERGEN<br /></strong></p><p>Puissance : 7,5 Kw</p><p>Rendement : 80,7%</p><p>Émissions CO : 0,10%</p><p>Hauteur : 91,4 cm</p><p>Largeur : 46,8 cm</p><p>Profondeur : 48,9 cm</p><p>Pois : 139 kg</p><p>Sortie de fumees : Ø 150-153mm | Verticale</p>";"<h2>Poêles à bois BERGEN</h2><p>Le poêle à bois BERGEN un modèle puissant, original et innovant.</p><h3>Avantages</h3><ul><li>Puissance : 7,5 Kw</li><li>Rendement : 80,7%</li><li>Émissions CO : 0,10%</li><li>Hauteur : 91,4 cm</li><li>Largeur : 46,8 cm</li><li>Profondeur : 48,9 cm</li><li>Pois : 139 kg</li><li>Sortie de fumees : Ø 150-153mm | Verticale</li></ul>";"bois, Poêles, Osaka";;;;poeles-a-bois-bergen;;;1;0000-00-00;2021-11-02;1;https://www.tracheminee.com/27508/poeles-a-bois-bergen.jpg,https://www.tracheminee.com/27509/poeles-a-bois-bergen.jpg,https://www.tracheminee.com/27510/poeles-a-bois-bergen.jpg,https://www.tracheminee.com/27511/poeles-a-bois-bergen.jpg,https://www.tracheminee.com/27581/poeles-a-bois-bergen.jpg;"Poêles à bois BERGEN,Poêles à bois BERGEN,Poêles à bois BERGEN,Poêles à bois BERGEN,Poêles à bois BERGEN";0;"Produit:Poêle à bois:1:1,Marque:PANADERO:2:1,Modèle:BERGEN:3:1,Puissance nominale:7,5 Kw:4:1,Rendement énergétique:70,7 %:5:1,Émission CO:0,10 %:6:1,Largeur:46,8 cm:7:1,Hauteur:91,4 cm:8:1,Profondeur:48,9 cm:9:1,Sortie buse èchapement:Ø 150:10:1,Poids:139 Kg:11:1,Certification:CE:12:1,Garantie:5 Ans:13:1";0;new;0;0;0;2;1;0;;
4377;0;"Poêles à bois GIULIETTA";"Tubage - Gaine - Poêle - Inserts - Évier cuisine ,Chauffage à bois ,Poêle à bois moderne";0;9;0.000000;0;;;;;PANADERO18660;;;;8426964186604;;0.000000;0.000000;0.000000;0.000000;0.000000;0;1;both;0.00;;0;"<p><strong>Poêles à bois GIULIETTA<br /></strong></p><p>Puissance : 7,1 Kw</p><p>Rendement : 80,7%</p><p>Émissions CO : 0,10%</p><p>Hauteur : 71 cm</p><p>Largeur : 57,2 cm</p><p>Profondeur : 47 cm</p><p>Pois : 87 kg</p><p>Sortie de fumees : Ø 150-153mm | Verticale</p>";"<h2>Poêles à bois GIULIETTA</h2><p>Le poêle à bois GIULIETTA un modèle puissant, original et innovant.</p><h3>Avantages</h3><ul><li>Puissance : 7,1 Kw</li><li>Rendement : 80,7%</li><li>Émissions CO : 0,10%</li><li>Hauteur : 71 cm</li><li>Largeur : 57,2 cm</li><li>Profondeur : 47 cm</li><li>Pois : 87 kg</li><li>Sortie de fumees : Ø 150-153mm | Verticale</li></ul>";"bois, Poêles, GIULIETTA";;;;poeles-a-bois-giulietta;;;1;0000-00-00;2021-11-02;1;https://www.tracheminee.com/27516/poeles-a-bois-giulietta.jpg,https://www.tracheminee.com/27517/poeles-a-bois-giulietta.jpg,https://www.tracheminee.com/27518/poeles-a-bois-giulietta.jpg,https://www.tracheminee.com/27585/poeles-a-bois-giulietta.jpg;"Poêles à bois GIULIETTA,Poêles à bois GIULIETTA,Poêles à bois GIULIETTA,Poêles à bois GIULIETTA";0;"Produit:Poêle à bois:1:1,Marque:PANADERO:2:1,Modèle:GIULIETTA:3:1,Puissance nominale:7,1 Kw:4:1,Rendement énergétique:80,7 %:5:1,Émission CO:0,10 %:6:1,Largeur:57,2 cm:7:1,Hauteur:71 cm:8:1,Profondeur:47 cm:9:1,Sortie buse èchapement:Ø 150:10:1,Poids:87 Kg:11:1,Certification:CE:12:1,Garantie:5 Ans:13:1";0;new;0;0;0;2;1;0;;
4378;0;"Poêles à bois CHAMBERY";"Tubage - Gaine - Poêle - Inserts - Évier cuisine ,Chauffage à bois ,Poêle à bois moderne";0;9;0.000000;0;;;;;PROVEEDOR18670;;;;8426964186703;;0.000000;0.000000;0.000000;0.000000;0.000000;0;1;both;0.00;;0;"<p><strong>Poêles à bois CHAMBERY<br /></strong></p><p>Puissance : 7,1 Kw</p><p>Rendement : 80,7%</p><p>Émissions CO : 0,10%</p><p>Hauteur : 75,1 cm</p><p>Largeur : 63 cm</p><p>Profondeur : 38,9 cm</p><p>Pois : 106 kg</p><p>Sortie de fumees : Ø 150-153mm | Verticale</p>";"<h2>Poêles à bois CHAMBERY</h2><p>Le poêle à bois CHAMBERY un modèle puissant, original et innovant.</p><h3>Avantages</h3><ul><li>Puissance : 7,1 Kw</li><li>Rendement : 80,7%</li><li>Émissions CO : 0,10%</li><li>Hauteur : 75,1 cm</li><li>Largeur : 63 cm</li><li>Profondeur : 38,9 cm</li><li>Pois : 106 kg</li><li>Sortie de fumees : Ø 150-153mm | Verticale</li></ul>";"bois, Poêles, CHAMBERY";;;;poeles-a-bois-chambery;;;1;0000-00-00;2021-11-02;1;https://www.tracheminee.com/27522/poeles-a-bois-chambery.jpg,https://www.tracheminee.com/27523/poeles-a-bois-chambery.jpg,https://www.tracheminee.com/27524/poeles-a-bois-chambery.jpg,https://www.tracheminee.com/27582/poeles-a-bois-chambery.jpg;"Poêles à bois CHAMBERY,Poêles à bois CHAMBERY,Poêles à bois CHAMBERY,Poêles à bois CHAMBERY";0;"Produit:Poêle à bois:1:1,Marque:PANADERO:2:1,Modèle:CHAMBERY:3:1,Puissance nominale:7,1 Kw:4:1,Rendement énergétique:80,7 %:5:1,Émission CO:0,10 %:6:1,Largeur:63 cm:7:1,Hauteur:75,1 cm:8:1,Profondeur:38,9 cm:9:1,Sortie buse èchapement:Ø 150:10:1,Poids:106 Kg:11:1,Certification:CE:12:1,Garantie:5 Ans:13:1";0;new;0;0;0;2;1;0;;
4379;0;"Poêles à bois GOURMET";"Tubage - Gaine - Poêle - Inserts - Évier cuisine ,Chauffage à bois ,Poêle à bois moderne";0;9;0.000000;0;;;;;PANADERO11014;;;;8426964110142;;0.000000;0.000000;0.000000;0.000000;0.000000;0;1;both;0.00;;0;"<p><strong>Poêles à bois GOURMET<br /></strong></p><p>Puissance : 7,1 Kw</p><p>Rendement : 80,7%</p><p>Émissions CO : 0,10%</p><p>Hauteur : 112,8 cm</p><p>Largeur : 56,3 cm</p><p>Profondeur : 43,5 cm</p><p>Pois : 140 kg</p><p>Sortie de fumees : Ø 150-153mm | Verticale</p>";"<h2>Poêles à bois GOURMET</h2><p>Le poêle à bois GOURMET un modèle puissant, original et innovant.</p><h3>Avantages</h3><ul><li>Puissance : 7,1 Kw</li><li>Rendement : 80,7%</li><li>Émissions CO : 0,10%</li><li>Hauteur : 112,8 cm</li><li>Largeur : 56,3 cm</li><li>Profondeur : 43,5 cm</li><li>Pois : 140 kg</li><li>Sortie de fumees : Ø 150-153mm | Verticale</li></ul>";"bois, Poêles, CHAMBERY";;;;poeles-a-bois-gourmet;;;1;0000-00-00;2021-11-02;1;https://www.tracheminee.com/27528/poeles-a-bois-gourmet.jpg,https://www.tracheminee.com/27529/poeles-a-bois-gourmet.jpg,https://www.tracheminee.com/27530/poeles-a-bois-gourmet.jpg,https://www.tracheminee.com/27586/poeles-a-bois-gourmet.jpg;"Poêles à bois GOURMET,Poêles à bois GOURMET,Poêles à bois GOURMET,Poêles à bois GOURMET";0;"Produit:Poêle à bois:1:1,Marque:PANADERO:2:1,Modèle:GOURMET:3:1,Puissance nominale:7,1 Kw:4:1,Rendement énergétique:80,7 %:5:1,Émission CO:0,10 %:6:1,Largeur:56,3 cm:7:1,Hauteur:112,8 cm:8:1,Profondeur:43,5 cm:9:1,Sortie buse èchapement:Ø 150:10:1,Poids:140 Kg:11:1,Certification:CE:12:1,Garantie:5 Ans:13:1";0;new;0;0;0;2;1;0;;
4380;0;"Poêles à bois COIMBRA";"Tubage - Gaine - Poêle - Inserts - Évier cuisine ,Chauffage à bois ,Poêle à bois moderne";0;9;0.000000;0;;;;;PANADERO18600;;;;8426964186000;;0.000000;0.000000;0.000000;0.000000;0.000000;0;1;both;0.00;;0;"<p><strong>Poêles à bois COIMBRA<br /></strong></p><p>Puissance : 7 Kw</p><p>Rendement : 80,7%</p><p>Émissions CO : 0,10%</p><p>Hauteur : 105,5 cm</p><p>Largeur : 81,5 cm</p><p>Profondeur : 52 cm</p><p>Pois : 129 kg</p><p>Sortie de fumees : Ø 150-153mm | Verticale</p>";"<h2>Poêles à bois COIMBRA</h2><p>Le poêle à bois COIMBRA un modèle puissant, original et innovant.</p><h3>Avantages</h3><ul><li>Puissance : 7 Kw</li><li>Rendement : 80,7%</li><li>Émissions CO : 0,10%</li><li>Hauteur : 105,5 cm</li><li>Largeur : 81,5 cm</li><li>Profondeur : 52 cm</li><li>Pois : 129 kg</li><li>Sortie de fumees : Ø 150-153mm | Verticale</li></ul>";"bois, Poêles, coimbra";;;;poeles-a-bois-coimbra;;;1;0000-00-00;2021-11-02;1;https://www.tracheminee.com/27534/poeles-a-bois-coimbra.jpg,https://www.tracheminee.com/27535/poeles-a-bois-coimbra.jpg,https://www.tracheminee.com/27536/poeles-a-bois-coimbra.jpg,https://www.tracheminee.com/27583/poeles-a-bois-coimbra.jpg;"Poêles à bois GOURMET,Poêles à bois GOURMET,Poêles à bois GOURMET,Poêles à bois GOURMET";0;"Produit:Poêle à bois:1:1,Marque:PANADERO:2:1,Modèle:COIMBRA:3:1,Puissance nominale:7 kw:4:1,Rendement énergétique:80,7 %:5:1,Émission CO:0,10 %:6:1,Largeur:81,5 cm:7:1,Hauteur:105,5 cm:8:1,Profondeur:52 cm:9:1,Sortie buse èchapement:Ø 150:10:1,Poids:129 Kg:11:1,Certification:CE:12:1,Garantie:5 Ans:13:1";0;new;0;0;0;2;1;0;;
4381;0;"Poêles à bois MANCHA";"Tubage - Gaine - Poêle - Inserts - Évier cuisine ,Chauffage à bois ,Poêle à bois moderne";0;9;0.000000;0;;;;;PANADERO18804;;;;8426964188042;;0.000000;0.000000;0.000000;0.000000;0.000000;0;1;both;0.00;;0;"<p><strong>Poêles à bois MANCHA<br /></strong></p><p>Puissance : 9,8 Kw</p><p>Rendement : 80,7%</p><p>Émissions CO : 0,10%</p><p>Hauteur : 100 cm</p><p>Largeur : 81 cm</p><p>Profondeur : 55 cm</p><p>Pois : 134 kg</p><p>Sortie de fumees : Ø 150-153mm | Verticale</p>";"<h2>Poêles à bois MANCHA</h2><p>Le poêle à bois MANCHA un modèle puissant, original et innovant.</p><h3>Avantages</h3><ul><li>Puissance : 9,8 Kw</li><li>Rendement : 80,7%</li><li>Émissions CO : 0,10%</li><li>Hauteur : 100 cm</li><li>Largeur : 81 cm</li><li>Profondeur : 55 cm</li><li>Pois : 134 kg</li><li>Sortie de fumees : Ø 150-153mm | Verticale</li></ul>";"bois, Poêles, MANCHA";;;;poeles-a-bois-mancha;;;1;0000-00-00;2021-11-02;1;https://www.tracheminee.com/27540/poeles-a-bois-mancha.jpg,https://www.tracheminee.com/27541/poeles-a-bois-mancha.jpg,https://www.tracheminee.com/27542/poeles-a-bois-mancha.jpg;"Poêles à bois MANCHA,Poêles à bois MANCHA,Poêles à bois MANCHA";0;"Produit:Poêle à bois:1:1,Marque:PANADERO:2:1,Modèle:MANCHA:3:1,Puissance nominale:9,8 Kw:4:1,Rendement énergétique:80,7 %:5:1,Émission CO:0,10 %:6:1,Largeur:81 cm:7:1,Hauteur:100 cm:8:1,Profondeur:55 cm:9:1,Sortie buse èchapement:Ø 150:10:1,Poids:134 Kg:11:1,Certification:CE:12:1,Garantie:5 Ans:13:1";0;new;0;0;0;2;1;0;;
4382;0;"Poêles à bois OVEN";"Tubage - Gaine - Poêle - Inserts - Évier cuisine ,Chauffage à bois ,Poêle à bois moderne";0;9;0.000000;0;;;;;PANADERO11021;;;;8426964110210;;0.000000;0.000000;0.000000;0.000000;0.000000;0;1;both;0.00;;0;"<p><strong>Poêles à bois OVEN<br /></strong></p><p>Puissance : 7,1 Kw</p><p>Rendement : 80,7%</p><p>Émissions CO : 0,10%</p><p>Hauteur : 100 cm</p><p>Largeur : 56,2 cm</p><p>Profondeur : 48,1 cm</p><p>Pois : 123 kg</p><p>Sortie de fumees : Ø 150-153mm | Verticale</p>";"<h2>Poêles à bois OVEN</h2><p>Le poêle à bois OVEN un modèle puissant, original et innovant.</p><h3>Avantages</h3><ul><li>Puissance : 7,1 Kw</li><li>Rendement : 80,7%</li><li>Émissions CO : 0,10%</li><li>Hauteur : 100 cm</li><li>Largeur : 56,2 cm</li><li>Profondeur : 48,1 cm</li><li>Pois : 123 kg</li><li>Sortie de fumees : Ø 150-153mm | Verticale</li></ul>";"bois, Poêles, OVEN";;;;poeles-a-bois-oven;;;1;0000-00-00;2021-11-02;1;https://www.tracheminee.com/27546/poeles-a-bois-oven.jpg,https://www.tracheminee.com/27547/poeles-a-bois-oven.jpg,https://www.tracheminee.com/27548/poeles-a-bois-oven.jpg;"Poêles à bois MANCHA,Poêles à bois MANCHA,Poêles à bois MANCHA";0;"Produit:Poêle à bois:1:1,Marque:PANADERO:2:1,Modèle:OVEN:3:1,Puissance nominale:7,1 Kw:4:1,Rendement énergétique:80,7 %:5:1,Émission CO:0,10 %:6:1,Largeur:56,2 cm:7:1,Hauteur:100 cm:8:1,Profondeur:48,1 cm:9:1,Sortie buse èchapement:Ø 150:10:1,Poids:123 kg:11:1,Certification:CE:12:1,Garantie:5 Ans:13:1";0;new;0;0;0;2;1;0;;
4383;0;"Poêles à bois SINTRA";"Tubage - Gaine - Poêle - Inserts - Évier cuisine ,Chauffage à bois ,Poêle à bois moderne";0;9;0.000000;0;;;;;PANADERO18615;;;;8426964186154;;0.000000;0.000000;0.000000;0.000000;0.000000;0;1;both;0.00;;0;"<p><strong>Poêles à bois SINTRA<br /></strong></p><p>Puissance : 7 Kw</p><p>Rendement : 80,7%</p><p>Émissions CO : 0,10%</p><p>Hauteur : 80 cm</p><p>Largeur : 81,5 cm</p><p>Profondeur : 52 cm</p><p>Pois : 111 kg</p><p>Sortie de fumees : Ø 150-153mm | Verticale</p>";"<h2>Poêles à bois SINTRA</h2><p>Le poêle à bois SINTRA un modèle puissant, original et innovant.</p><h3>Avantages</h3><ul><li>Puissance : 7 Kw</li><li>Rendement : 80,7%</li><li>Émissions CO : 0,10%</li><li>Hauteur : 80 cm</li><li>Largeur : 81,5 cm</li><li>Profondeur : 52 cm</li><li>Pois : 111 kg</li><li>Sortie de fumees : Ø 150-153mm | Verticale</li></ul>";"bois, Poêles, SINTRA";;;;poeles-a-bois-sintra;;;1;0000-00-00;2021-11-02;1;https://www.tracheminee.com/27552/poeles-a-bois-sintra.jpg,https://www.tracheminee.com/27553/poeles-a-bois-sintra.jpg,https://www.tracheminee.com/27554/poeles-a-bois-sintra.jpg;"Poêles à bois MANCHA,Poêles à bois MANCHA,Poêles à bois MANCHA";0;"Produit:Poêle à bois:1:1,Marque:PANADERO:2:1,Modèle:SINTRA:3:1,Puissance nominale:7 Kw:4:1,Rendement énergétique:80,7 %:5:1,Émission CO:0,10 %:6:1,Largeur:81,5 cm:7:1,Hauteur:80 cm:8:1,Profondeur:52 cm:9:1,Sortie buse èchapement:Ø 150:10:1,Poids:111 Kg:11:1,Certification:CE:12:1,Garantie:5 Ans:13:1";0;new;0;0;0;2;1;0;;
4384;0;"Poêles à bois HS";"Tubage - Gaine - Poêle - Inserts - Évier cuisine ,Chauffage à bois ,Poêle à bois moderne";0;9;0.000000;0;;;;;PANADERO18615;;;;8426964186154;;0.000000;0.000000;0.000000;0.000000;0.000000;0;1;both;0.00;;0;"<p><strong>Poêles à bois HS<br /></strong></p><p>Puissance : 7,1 Kw</p><p>Rendement : 80,7%</p><p>Émissions CO : 0,10%</p><p>Hauteur : 80 cm</p><p>Largeur : 62,3 cm</p><p>Profondeur : 44 cm</p><p>Pois : 95 kg</p><p>Sortie de fumees : Ø 150-153mm | Verticale</p>";"<h2>Poêles à bois HS</h2><p>Le poêle à bois HS un modèle puissant, original et innovant.</p><h3>Avantages</h3><ul><li>Puissance : 7,1 Kw</li><li>Rendement : 80,7%</li><li>Émissions CO : 0,10%</li><li>Hauteur : 80 cm</li><li>Largeur : 62,3 cm</li><li>Profondeur : 44 cm</li><li>Pois : 95 kg</li><li>Sortie de fumees : Ø 150-153mm | Verticale</li></ul>";"bois, Poêles, HS";;;;poeles-a-bois-hs;;;1;0000-00-00;2021-11-02;1;https://www.tracheminee.com/27558/poeles-a-bois-hs.jpg,https://www.tracheminee.com/27559/poeles-a-bois-hs.jpg,https://www.tracheminee.com/27560/poeles-a-bois-hs.jpg;"Poêles à bois MANCHA,Poêles à bois MANCHA,Poêles à bois MANCHA";0;"Produit:Poêle à bois:1:1,Marque:PANADERO:2:1,Modèle:HS:3:1,Puissance nominale:7,1 Kw:4:1,Rendement énergétique:80,7 %:5:1,Émission CO:0,10 %:6:1,Largeur:62,3 cm:7:1,Hauteur:80 cm:8:1,Profondeur:44 cm:9:1,Sortie buse èchapement:Ø 150:10:1,Poids:95 Kg:11:1,Certification:CE:12:1,Garantie:5 Ans:13:1";0;new;0;0;0;2;1;0;;
4385;0;"Poêles à bois HB";"Tubage - Gaine - Poêle - Inserts - Évier cuisine ,Chauffage à bois ,Poêle à bois moderne";0;9;0.000000;0;;;;;PANADERO19015;;;;8426964190151;;0.000000;0.000000;0.000000;0.000000;0.000000;0;1;both;0.00;;0;"<p><strong>Poêles à bois HB<br /></strong></p><p>Puissance : 9,8 Kw</p><p>Rendement : 80,7%</p><p>Émissions CO : 0,10%</p><p>Hauteur : 60 cm</p><p>Largeur : 76 cm</p><p>Profondeur : 45 cm</p><p>Pois : 94 kg</p><p>Sortie de fumees : Ø 150-153mm | Verticale</p>";"<h2>Poêles à bois HB</h2><p>Le poêle à bois HB un modèle puissant, original et innovant.</p><h3>Avantages</h3><ul><li>Puissance : 9,8 Kw</li><li>Rendement : 80,7%</li><li>Émissions CO : 0,10%</li><li>Hauteur : 60 cm</li><li>Largeur : 76 cm</li><li>Profondeur : 45 cm</li><li>Pois : 94 kg</li><li>Sortie de fumees : Ø 150-153mm | Verticale</li></ul>";"bois, Poêles, HS";;;;poeles-a-bois-hb;;;1;0000-00-00;2021-11-02;1;https://www.tracheminee.com/27564/poeles-a-bois-hb.jpg,https://www.tracheminee.com/27565/poeles-a-bois-hb.jpg,https://www.tracheminee.com/27566/poeles-a-bois-hb.jpg;"Poêles à bois HB,Poêles à bois HB,Poêles à bois HB";0;"Produit:Poêle à bois:1:1,Marque:PANADERO:2:1,Modèle:HB:3:1,Puissance nominale:9,8 Kw:4:1,Rendement énergétique:80,7 %:5:1,Émission CO:0,10 %:6:1,Largeur:76 cm:7:1,Hauteur:60 cm:8:1,Profondeur:45 cm:9:1,Sortie buse èchapement:Ø 150:10:1,Poids:94 Kg:11:1,Certification:CE:12:1,Garantie:5 Ans:13:1";0;new;0;0;0;2;1;0;;
4386;0;"Poêles à bois CS";"Tubage - Gaine - Poêle - Inserts - Évier cuisine ,Chauffage à bois ,Poêle à bois moderne";0;9;0.000000;0;;;;;PANADERO19035;;;;8426964190359;;0.000000;0.000000;0.000000;0.000000;0.000000;0;1;both;0.00;;0;"<p><strong>Poêles à bois CS<br /></strong></p><p>Puissance : 7,1 Kw</p><p>Rendement : 80,7%</p><p>Émissions CO : 0,10%</p><p>Hauteur : 80 cm</p><p>Largeur : 62,3 cm</p><p>Profondeur : 52 cm</p><p>Pois : 105 kg</p><p>Sortie de fumees : Ø 150-153mm | Verticale</p>";"<h2>Poêles à bois CS</h2><p>Le poêle à bois CS un modèle puissant, original et innovant.</p><h3>Avantages</h3><ul><li>Puissance : 7,1 Kw</li><li>Rendement : 80,7%</li><li>Émissions CO : 0,10%</li><li>Hauteur : 80 cm</li><li>Largeur : 62,3 cm</li><li>Profondeur : 52 cm</li><li>Pois : 105 kg</li><li>Sortie de fumees : Ø 150-153mm | Verticale</li></ul>";"bois, Poêles, CS";;;;poeles-a-bois-cs;;;1;0000-00-00;2021-11-02;1;https://www.tracheminee.com/27570/poeles-a-bois-cs.jpg,https://www.tracheminee.com/27571/poeles-a-bois-cs.jpg,https://www.tracheminee.com/27572/poeles-a-bois-cs.jpg;"Poêles à bois CS,Poêles à bois CS,Poêles à bois CS";0;"Produit:Poêle à bois:1:1,Marque:PANADERO:2:1,Modèle:CS:3:1,Puissance nominale:7,1 Kw:4:1,Rendement énergétique:80,7 %:5:1,Émission CO:0,10 %:6:1,Largeur:62,3 cm:7:1,Hauteur:80 cm:8:1,Profondeur:52 cm:9:1,Sortie buse èchapement:Ø 150:10:1,Poids:105 Kg:11:1,Certification:CE:12:1,Garantie:5 Ans:13:1";0;new;0;0;0;2;1;0;;
4387;0;"Poêles à bois CB";"Tubage - Gaine - Poêle - Inserts - Évier cuisine ,Chauffage à bois ,Poêle à bois moderne";0;9;0.000000;0;;;;;PANADERO19040;;;;8426964190403;;0.000000;0.000000;0.000000;0.000000;0.000000;0;1;both;0.00;;0;"<p><strong>Poêles à bois CB<br /></strong></p><p>Puissance : 9,8 Kw</p><p>Rendement : 80,7%</p><p>Émissions CO : 0,10%</p><p>Hauteur : 60 cm</p><p>Largeur : 76 cm</p><p>Profondeur : 52 cm</p><p>Pois : 105 kg</p><p>Sortie de fumees : Ø 150-153mm | Verticale</p>";"<h2>Poêles à bois CB</h2><p>Le poêle à bois CB un modèle puissant, original et innovant.</p><h3>Avantages</h3><ul><li>Puissance : 9,8 Kw</li><li>Rendement : 80,7%</li><li>Émissions CO : 0,10%</li><li>Hauteur : 60 cm</li><li>Largeur : 76 cm</li><li>Profondeur : 52 cm</li><li>Pois : 105 kg</li><li>Sortie de fumees : Ø 150-153mm | Verticale</li></ul>";"bois, Poêles";;;;poeles-a-bois-cb;;;1;0000-00-00;2021-11-02;1;https://www.tracheminee.com/27576/poeles-a-bois-cb.jpg,https://www.tracheminee.com/27577/poeles-a-bois-cb.jpg,https://www.tracheminee.com/27578/poeles-a-bois-cb.jpg;"Poêles à bois CB,Poêles à bois CB,Poêles à bois CB";0;"Produit:Chapeau Anti-refoulement:1:1,Marque:PANADERO:2:1,Modèle:CB:3:1,Puissance nominale:9,8 Kw:4:1,Rendement énergétique:80,7 %:5:1,Émission CO:0,10 %:6:1,Largeur:76 cm:7:1,Hauteur:60 cm:8:1,Profondeur:52 cm:9:1,Sortie buse èchapement:Ø 150:10:1,Poids:105 Kg:11:1";0;new;0;0;0;2;1;0;;
